{
	"groups":[
		{
			"keys":"gameres_json,cat_normal_json,cat_normal_png,cat_loser_json,cat_loser_png,shibai_mp3,shengli_mp3,click1_mp3",
			"name":"gameres"
		},
		{
			"keys":"cat_normal_json,cat_normal_png,cat_loser_json,cat_loser_png,shibai_mp3,shengli_mp3,click1_mp3",
			"name":"preload"
		}
	],
	"resources":[
		{
			"name":"gameres_json",
			"subkeys":"bg,btn_back,btn_next,btn_replay,btn_start,cat_start_bg,end_tip_fail,end_tip_success,grid_white,grid_yellow",
			"type":"sheet",
			"url":"assets/gameres.json"
		},
		{
			"name":"cat_normal_json",
			"type":"json",
			"url":"assets/cat_normal.json"
		},
		{
			"name":"cat_normal_png",
			"type":"image",
			"url":"assets/cat_normal.png"
		},
		{
			"name":"cat_loser_json",
			"type":"json",
			"url":"assets/cat_loser.json"
		},
		{
			"name":"cat_loser_png",
			"type":"image",
			"url":"assets/cat_loser.png"
		},
		{
			"name":"shibai_mp3",
			"type":"sound",
			"url":"assets/shibai.mp3"
		},
		{
			"name":"shengli_mp3",
			"type":"sound",
			"url":"assets/shengli.mp3"
		},
		{
			"name":"click_mp3",
			"type":"sound",
			"url":"assets/click.mp3"
		},
		{
			"name":"click1_mp3",
			"type":"sound",
			"url":"assets/click1.mp3"
		}
	]
}