{

	"mc":{

		"cat_normal":{

			"frameRate":20,

			"labels":[
				
			],

			"frames":[

				{"res":"cat_normal0000","x":0,"y":0},

				{"res":"cat_normal0001","x":0,"y":0},

				{"res":"cat_normal0002","x":0,"y":0},

				{"res":"cat_normal0003","x":0,"y":0},

				{"res":"cat_normal0004","x":0,"y":0},

				{"res":"cat_normal0005","x":0,"y":0},

				{"res":"cat_normal0006","x":0,"y":0},

				{"res":"cat_normal0007","x":0,"y":0},

				{"res":"cat_normal0008","x":0,"y":0},

				{"res":"cat_normal0009","x":0,"y":0},

				{"res":"cat_normal0010","x":0,"y":0},

				{"res":"cat_normal0011","x":0,"y":0},

				{"res":"cat_normal0012","x":0,"y":0},

				{"res":"cat_normal0013","x":0,"y":0},

				{"res":"cat_normal0014","x":0,"y":0},

				{"res":"cat_normal0015","x":0,"y":0}

			]

		}

	},

	"res":{

		"cat_normal0000": {"x":0,"y":0,"w":61,"h":93},

		"cat_normal0001": {"x":61,"y":0,"w":61,"h":93},

		"cat_normal0002": {"x":122,"y":0,"w":61,"h":93},

		"cat_normal0003": {"x":183,"y":0,"w":61,"h":93},

		"cat_normal0004": {"x":0,"y":93,"w":61,"h":93},

		"cat_normal0005": {"x":61,"y":93,"w":61,"h":93},

		"cat_normal0006": {"x":122,"y":93,"w":61,"h":93},

		"cat_normal0007": {"x":183,"y":93,"w":61,"h":93},

		"cat_normal0008": {"x":0,"y":186,"w":61,"h":93},

		"cat_normal0009": {"x":61,"y":186,"w":61,"h":93},

		"cat_normal0010": {"x":122,"y":186,"w":61,"h":93},

		"cat_normal0011": {"x":183,"y":186,"w":61,"h":93},

		"cat_normal0012": {"x":0,"y":279,"w":61,"h":93},

		"cat_normal0013": {"x":61,"y":279,"w":61,"h":93},

		"cat_normal0014": {"x":122,"y":279,"w":61,"h":93},

		"cat_normal0015": {"x":183,"y":279,"w":61,"h":93}

	}

}